{"cameraMode":{"drawMode":0,"name":"Shaded","section":"Shading Mode"},"sceneLighting":true,"audioPlay":false,"sceneViewState":{"showFog":true,"showMaterialUpdate":false,"showSkybox":true,"showFlares":true,"showImageEffects":true,"showParticleSystems":true},"in2DMode":false,"pivot":{"x":-11.603066444396973,"y":-27.07668685913086,"z":23.221837997436525},"rotation":{"x":-0.407681941986084,"y":0.1687987744808197,"z":-0.0769691988825798,"w":-0.8940925002098084},"size":21.485671997070314,"orthographic":false}