{"cameraMode":{"drawMode":0,"name":"Shaded","section":"Shading Mode"},"sceneLighting":false,"audioPlay":false,"sceneViewState":{"showFog":true,"showMaterialUpdate":false,"showSkybox":false,"showFlares":true,"showImageEffects":true,"showParticleSystems":true},"in2DMode":false,"pivot":{"x":959.8804321289063,"y":500.5890808105469,"z":2.6319580078125},"rotation":{"x":-0.018285291269421579,"y":0.05006888881325722,"z":-0.0009172203135676682,"w":-0.9985871315002441},"size":212.48716735839845,"orthographic":false}